sample_id,theme,rating,date,text
R001,App Performance,2,2026-01-03,some time there is glitch in execution please take care of it.
R002,Features Performance,5,2026-03-08,best application for stocks simple and user friendly interface
R003,App Performance,2,2026-01-22,very bad app loss my 25 lak
R004,Features Performance,5,2026-01-14,very nice service and reliable sources and user friendly app
R005,Features Performance,5,2026-01-02,"Hi team, The application is very nice, user friendly also.. i want to suggest can you implement the trading gernal in the application in application. this will be moe useful when studying the past trades."
R006,Features Performance,5,2026-01-17,"user friendly app, easy to use and present informative news and data to invest in right stocks"
R007,Features Performance,5,2026-01-14,my name is Abhinam mehtar very good app
R008,App Performance,3,2025-12-10,I use one plus tab and I am unable to view groww in landscape view. it would be much easier to view all the data in landscape
R009,Customer Support,5,2026-01-12,Been with Groww for 7+ years now. Not seen a platform which is so intuitive and where transparency is given such importance and where users experience is equally thought about along with process. Great support team too. Stay the same Groww.. Let's Groww together. Thank you
R010,App Performance,1,2025-12-28,"sir I have a trouble using this app , when registering it asks for camera , when I pressed ur tab the app is automatically shutting down"
R011,App Performance,3,2025-12-08,mep bahut hang hota he.. or strack bhi galat batati he..
R012,Features Performance,5,2026-01-08,nice apps I'm using from 3 years this apps
R013,Features Performance,2,2026-02-20,"in IPO page, not showing recenlty listed ipo option"
R014,Features Performance,5,2026-02-17,It's very easy to use and invest.
R015,Features Performance,5,2026-02-13,good experience in this app so easy
R016,Features Performance,5,2026-01-23,very good platform for invester and beginners because it's very simple to understand and very friendly type adoptable environment
R017,Features Performance,3,2026-01-01,"Doesn't support email otp for fetching external funds while indmoney one can get both email & mobile number otp to fetch external mfs, 2nd problem in mf portfolio doesn't show all stocks in mf holding in individual portfolio but in Asset plus app & Nj wealth app one can view all numbers of stocks in mf holding"
R018,Features Performance,4,2026-03-07,Good platform to trade for beginners and expert
R019,Features Performance,5,2026-02-19,Groww app is very comfortable and easy access to stock and mutual fund
R020,Customer Support,1,2026-02-04,totally failed customer support if u want to connect to helpline with call or chat no one is available for long time
R021,Features Performance,5,2026-01-14,"absolutely the most amazing platform for investing in mutual funds as well as for stocks. I have already made 5+ people from my friends and family network to register on this platform. it is so easy to register and start investing, it is just phenomenal. thank you for setting a great standard for all other competitors and setting the benchmark so high that it is difficult to reach this height.. great product. I keep highly recommending this to others...."
R022,Features Performance,5,2026-02-19,so kindly that is good for future
R023,Features Performance,5,2026-01-09,Easy to use for a common investor .
R024,Features Performance,5,2026-01-29,very nice application smooth and very simple uses this application
R025,Features Performance,5,2026-01-09,best. and eazy way to invest and return your income
R026,App Performance,3,2026-01-20,"user friendly app for beginners but their are few concerns regarding app , mutual funds sip completed but the total amount to be added will take much time then expected ."
R027,Features Performance,3,2026-01-15,"Groww is a smooth and reliable trading app with fast order execution and a user-friendly interface for intraday trading. However, there is one important feature missing that would greatly benefit advanced traders. Request: Please add the CVD (Cumulative Volume Delta) indicator to the Groww app."
R028,Features Performance,5,2026-01-03,easy way to invest as well as trade.
R029,Customer Support,5,2026-02-19,Easy to Invest. Transparent transactions. Quick Support.
R030,KYC/Statements/Withdrawals,1,2026-01-14,very poor service no instant withdrawal 2/3 days after receiving money but aap good
R031,App Performance,1,2026-01-29,should give a negative rating to this app. this app is not good for trading with lots of screen switch is required. guys better use dhan or sahi. in main movement of the market chart will not work at all. it's useless app.
R032,Features Performance,5,2026-01-15,simple and good and better app very good app thank you for grow apps teamwork thank you
R033,App Performance,1,2026-01-02,app keeps getting stopped everytime when i am trying to set up my profile
R034,KYC/Statements/Withdrawals,1,2026-02-12,bakwaas app. zero ⭐ to this app. Paisa deposit toh jldi ho jata hai. par apna Paisa withdrawal Krna ho toh ek din. shame on this kind of app. maha bekar app withdrawal Krna ho toh 2-3 din aur deposit sath ke sath. poor app. instant withdrawal kya bakwaas hai. ghatiya app sirf fees charge krte hai help koi nahi krte. instant withdrawal option shutdown kar do. ghatiya hi hai ab bhi.
R035,Customer Support,1,2026-02-02,customer care is too bad . can't find money sometimes. no response from customer care.. High charges taken with out concent of customer
R036,App Performance,4,2025-12-06,The UPI transaction history button is not functioning much of the time
R037,App Performance,2,2026-03-06,some times MF unit allocation is very slow
R038,Features Performance,5,2026-01-04,"Groww is one of the easiest and most user-friendly investment apps I have used. The interface is very clean and simple, making it easy to understand even for beginners. All information about stocks, mutual funds, SIPs, and charges is explained clearly. The app runs smoothly and investing can be done in just a few steps. It is a great platform for anyone who wants to start investing without confusion.”"
R039,Features Performance,5,2026-02-19,good platform very happy simple and smoth ..
R040,App Performance,1,2025-12-05,"crashed now, this is very horrible and even charges are very high instead of others"
R041,Features Performance,5,2026-01-02,nice future and all perfrom right now nice
R042,Features Performance,5,2026-02-09,"best user interface, very much user friendly to use, most important thing is a newcomer in the stock market easily access any searching like equity, mf, etf, f&o, all types of report etc etc"
R043,Features Performance,5,2026-01-07,Groww is very simple for investment & withdrawal also
R044,Features Performance,5,2026-01-14,very good app order processing also good
R045,Trading Charges/Pricing,5,2026-01-15,sell Tax is high compare other trading apps
R046,Features Performance,5,2026-02-19,growth one of the genuine platforms all people invested
R047,Features Performance,5,2025-12-17,"please change the dashboard of mutual fund, it looks like old type."
R048,Trading Charges/Pricing,4,2026-03-11,good but brokage charge is too much
R049,App Performance,1,2026-02-25,Many times I see digital manipulation at this place during exit profit convert in to loss.
R050,Features Performance,5,2026-02-10,abi New chalu kiya hai pehli baar
R051,Trading Charges/Pricing,5,2026-01-20,"good simplified app, but I does not know they take brokerage/charges more or less than any other"
R052,Customer Support,1,2026-02-25,very worst customer support.. please don't use this rubbish App
R053,App Performance,1,2026-01-10,This app live in 1980 poor condition of service don't download this app
R054,Features Performance,5,2026-02-10,awesome great experience in am fully satisfied this app and no doubt
R055,Features Performance,5,2026-01-30,This app is Very Nice Because Everyone can Use Very Simple feature in this app
R056,Features Performance,5,2026-01-24,"Great, User friendly App with hands of opportunities."
R057,Features Performance,5,2026-02-02,very helpful and easy to understand interface
R058,KYC/Statements/Withdrawals,4,2026-02-09,very nice but my gmail id not active
R059,Features Performance,5,2026-01-04,Best app to do our work easily. Everything is very easy to understand. Everyone should use this app for trading with complete confidence.
R060,Features Performance,5,2026-02-17,Very much user friendly with exhaustive information.
R061,Features Performance,5,2026-01-21,very good app but to be implemented dual chart view mode
R062,App Performance,3,2026-03-08,user friendly app but from last few days they stopped update of tracking mutual funds. This is bad
R063,KYC/Statements/Withdrawals,1,2026-02-04,very bad apps my many is not refund do not install this app frond apps
R064,App Performance,2,2025-12-05,be care full before investing.. forget money after investing..
R065,Features Performance,1,2026-01-07,Best trading app for new investors. I'm Learning trading from this app for 1st time and I have feel comfortable with it.
R066,Features Performance,3,2026-01-07,"Hello Groww Team, Kindly add Buy and Sell buttons on the ‘+’ (plus) icon directly on the chart. This will allow users to place trades directly from the chart without opening the order window, making trading faster and more efficient, especially for intraday and options traders. Please consider this feature.”"
R067,Customer Support,1,2026-01-29,The worst experience had this App. While placing the orders automatically exited without my concern. Customer Support is unable to connect it.
R068,App Performance,2,2026-01-15,"Trading at Groww is Fine, But there is a lag in the app which I have seen most of the times."
R069,Features Performance,5,2026-01-28,newly invester s are speedily learn more and more
R070,App Performance,1,2025-12-19,vakowas app hain avi trade karna mye bohut problem ho raha hain
R071,Features Performance,5,2026-02-19,"From my initial investment I'm using Groww only, I have never been disappointed with this app. They have all the required options of investment and portfolio management. Best thing about Groww, it also provides market related + your portfolio related updates in the status. It's good that Groww provides moderate updates to fix little bit bugs + add many more new features and best UIX."
R072,App Performance,1,2026-01-30,"worst application for trading limited features, lagging is common practice , no support at all from the customer care representative, market buy/sell orders always placed higher/lower price than market depth. so never choose groww it will definately ends with frustration and loss."
R073,Features Performance,5,2026-02-19,"Excellent user interface with lots of useful trading information presented in a clean and organized way. It’s very easy to navigate, even for beginners, which makes it perfect for the new generation entering the stock market. The overall experience feels smooth, fast, and user-friendly."
R074,Features Performance,1,2026-01-21,No daily SIP option .. Phonepay had even started the feature however Grow is lacking behind. Requesting you to please incorporate the Daily SIP option
R075,Customer Support,5,2026-01-15,A much less complicated platform with prompt customer care support
R076,Features Performance,5,2026-02-21,nice app for trading i m happy
R077,App Performance,5,2026-01-11,it's learning and easy used and no lagging app.
R078,Features Performance,5,2025-12-24,must app hi our isme khas profit mil jata hai
R079,App Performance,1,2026-02-11,Fraud App Be Careful .Don't Use Grow App
R080,App Performance,3,2025-12-30,This gets slow many times which becomes a disaster for a trader to afford...
R081,Features Performance,4,2025-12-24,"it's a great app, easy to use, but update that we have two options long term stock and short term stock to check portfolio and not to maintain account with different brokers. please look into this update. if this happens it's more beneficial."
R082,Features Performance,1,2026-01-23,You cannot pause your SIPs and they just cancel it if you skip it 3 times :)
R083,Trading Charges/Pricing,1,2026-03-10,after using it for almost four years uninstalling it as it has started putting more extra charges along with brokerage shifting to dhan
R084,Features Performance,5,2025-12-26,"Groww is an excellent and user-friendly investment app. The interface is clean, simple, and very easy to understand, even for beginners. It makes investing in stocks, mutual funds, and other financial products smooth and hassle-free. The learning resources and clear explanations help users make informed decisions. Overall, Groww has made investing simple, transparent, and accessible. Highly recommended for anyone starting their investment journey."
R085,Features Performance,1,2026-02-12,"GTT orders view has become bad to worst with latest update on Feb 12 2026. I have been using the app for last 3 years. I am happy except one thing. I can not sort my GTT orders based some criteria like buy, sell, alphabetical, order price close to market price. I requested groww to enhance their app with these features to help customers make quick decisions. But no use, Groww does not understand customer needs. i have been waiting for this update since 2+years. is it so difficult."
R086,Features Performance,5,2026-01-03,groww is a very good instment system
R087,Features Performance,5,2025-12-31,stock market news update every time app use very easy Over all Good App
R088,Features Performance,4,2026-03-05,It's a good app for stocks as well as for mutual funds. wishing more success to groww in future.
R089,Features Performance,5,2026-03-12,plese every time same protection helped with yours....
R090,App Performance,1,2026-01-21,worst app...most of the time it hangs...even I am not able to add money in my grow account to buy stocks right now
R091,Features Performance,5,2025-12-22,Best app for trading and to helpful and always give instructions
R092,Features Performance,5,2026-02-27,very good experience and easy to understand
R093,Features Performance,5,2026-02-20,its a supber plateform for investment and trading.
R094,Features Performance,4,2026-02-28,Please provide the option to turn off vibration in the app.
R095,Features Performance,5,2026-03-12,nice app vest knowledge in this app
R096,App Performance,1,2026-03-09,"In this app, I often face technical errors when trying to exit the market, and because I’m unable to exit on time, I end up incurring losses. I also have screenshots of the technical error, but there is no option to attach them here. otherwise, I would have attached them."
R097,Features Performance,5,2026-01-08,one the best aap for trading in indian stock market۔۔۔
R098,Features Performance,5,2026-02-18,please suggest upcoming events like etf so that i invest and get more money... thank you being my part of my life... it is not only growths in dreams... but also turning the dreams into reality...
R099,Features Performance,5,2026-01-06,Very nice and simply trading apps (Groww) Very good job
R100,Features Performance,5,2026-02-18,MF service is good other brokers platform update Nav by next day but on Groww platform Nav is update on same day. overall experience is good.
R101,Features Performance,5,2026-02-19,"Easy to use, up to date, happily using it."
R102,Trading Charges/Pricing,3,2026-01-12,"beginner friendly, but super high brokerage & DP charges"
R103,Features Performance,5,2026-01-28,this aap is option trading and stok good parformance
R104,Features Performance,5,2026-03-05,great app. friendly n supportive features to handle.
R105,App Performance,1,2026-02-16,Agar aap logo ke pass bhi holding stock h. usme stock ko open kro nhi hota h is app me grow ke to aap log new broker app dekh lo public. isme hamesha issue rahega.
R106,Customer Support,1,2026-02-02,worst service....very very poor customer service....it's taking higher time compared tha other broker apps...even neither reply later...worst
R107,Features Performance,5,2026-03-06,"excellent, in terms of convenience, easiness and transparency. I find it (GrowW App) as one shop solution for all my investment needs."
R108,Features Performance,1,2025-12-31,Make us stock market investment accessible through mobile
R109,App Performance,1,2026-01-02,"price doesn't refresh In the morning time, can't check profit or loss I real-time"
R110,Features Performance,5,2025-12-10,it's a very effective app for beginners.
R111,App Performance,3,2026-01-07,when market is fully volatile then this app crashed
R112,KYC/Statements/Withdrawals,1,2026-02-05,verry bad app my amount withdraw late
R113,Trading Charges/Pricing,5,2025-12-09,grwwo is great inwest platform but very high brokrej
R114,KYC/Statements/Withdrawals,1,2026-02-21,I have started option trading firstly I make 4000 profit on capital of 8000 but after I added 75000 I suffered huge loss of 28000 for recovery of this I again do option trading but I lose another 10000 I realised that if Market is bullish and I buy call option then immediately it becomes bearish Vice versa... I have buy 12 shares for 820 of bank of maharashtra and after 15 days I sale all but amount is neither credited to my demat account not saving account it's Fraud app please don't go for it
R115,Features Performance,5,2026-03-02,"No complains , but let me make a lot of money."
R116,Features Performance,5,2026-01-16,User Friendly App for trading and MF
R117,Features Performance,5,2026-01-16,very easy to learn and understand. prompt service.
R118,App Performance,1,2026-03-10,App lagging reflecting of latest SEBI guidelines.
R119,Features Performance,5,2026-02-19,Very easy to use and many other useful things.
R120,KYC/Statements/Withdrawals,2,2026-02-06,kyc not happening. unable to do sip
R121,Features Performance,4,2026-02-12,"I’ve been using the Groww app for about three years now, and it’s been a reliable platform for managing my investments and trades. The latest update is a great addition, especially the new Technicals tab, which brings all the key information together in one place and makes the overall experience even better."
R122,Trading Charges/Pricing,4,2026-01-29,But charges are high of indraday.. please reduce that charges
R123,Features Performance,5,2026-01-29,user friendly...very simple and informative...for beginners...
R124,App Performance,5,2026-01-09,switching time is more than sufficient. think over it. there might be great loss to the Investors.
R125,Features Performance,5,2026-02-26,It is difficult to change the trailing stoploss like this. I want to use it in a simple way like what is available in Angel One.
R126,Trading Charges/Pricing,2,2025-12-26,bed . because ap itna jyada lg mar rohi he day by day ... jiske karon loss lena por roha he .very disappointed
R127,Features Performance,5,2026-01-16,A very good app that is easy to operate compared to other Apps
R128,Customer Support,1,2026-02-02,"Started well to gain the confidence of investors. But is slowly diminishing is its services. I hold accounts in other similar apps as well. Their services are doing good. Its not the same with Groww. Customer care is bad. No seriousness to greviences. Well, there are much better options and better apps. I dont think Ill get a response to this review. I suppose that will prove it all!!!"
R129,Features Performance,4,2026-02-19,this is best treding platform ever I like it
R130,Features Performance,5,2026-01-30,bohut acha app hai share market me
R131,Features Performance,5,2026-02-19,very nice application for trading and sip
R132,Features Performance,5,2025-12-06,the parfect app in the stock market good app
R133,Features Performance,5,2026-01-08,this is good platform financial tips and investment guide .
R134,App Performance,1,2026-02-19,it stops beat more after the new update feeling to move out of this app
R135,Features Performance,5,2026-03-05,user interface is very convenient to use compared to other brokerage and it's not difficult for new users also. every thing is in detailed and managed the data very well. no annual mentance fee for users. I am very much satisfied with groww.
R136,Features Performance,3,2025-12-31,Good service but I feel best hona chahiy
R137,Features Performance,4,2026-03-11,"Super app with zero AMC charges. But I have only one suggestion, please provide an option to buy stocks on the basis of amount. It only shows quantity, converting into amount takes time and makes some user confused on the conversion. so please work on this to provide 'Amount option while buying stocks'"
R138,Customer Support,1,2026-02-24,worst application for option trading..square off open positions in FnO section without client permission just for there brokerage...and 0 response from customer care team... useless app with useless customer support 0*... BIG BIG fraud application
R139,Features Performance,5,2025-12-29,Analysis very Simple and groww is thankfull
R140,Features Performance,5,2026-01-15,Excellent app for invest stocks & mutual funds
R141,Features Performance,5,2026-01-12,"using from a long time no app is this user friendly and easy to use, transactions are smooth and even selling and buying is also smooth. Loved it"
R142,App Performance,1,2026-03-04,this app big scammer i requested please do not use
R143,Features Performance,5,2026-01-17,bahut accha experience raha very good brocker app
R144,Features Performance,5,2026-01-30,I am genuinely happy with the app & it's given information about trading tips.
R145,Customer Support,5,2026-02-02,till now gr8 response and good customer service thank you.
R146,Features Performance,3,2025-12-17,groww need to improve gtt order accuracy
R147,Features Performance,5,2026-01-16,Groww has covered common people. Otherwise nobody knows what is SIP and mutual fund.
R148,Features Performance,4,2026-01-22,"Good. Please allow the investors to group the funds under categories like Retirement, Education and so on. 22 Jan As per the latest update Groww platform allowing us to create portfolios to segregate holdings under stocks section.It will be very helpful the same implemented in the Mutual fund section as well."
R149,Features Performance,2,2026-02-07,Only equity no debt market limited to stock customer service not good stocks purchased you have to follow up for credit to demat account
R150,Trading Charges/Pricing,5,2026-02-01,service very good brokrej bhi kam lete hai
R151,Features Performance,2,2026-01-22,no trailing stoploss facility. plz work on it or update it for perfect trading. after 2 days of opening an account I cannot add money in account
R152,Features Performance,5,2026-02-15,"I have been using Groww for investing in stocks and mutual funds, and my experience has been very smooth. The app interface is clean, simple, and easy to understand even for beginners. Buying and selling stocks is very fast, and the transaction process is secure. I really like how clearly the app shows portfolio details, profit/loss, and market trends. The account opening process was quick and hassle-free. Customer support is also helpful and responsive."
R153,Features Performance,5,2026-02-19,"very very easy learning app.., good safe & secure service..,"
R154,Features Performance,5,2026-02-17,"simple interface, great tool using since 8 yrs."
R155,Features Performance,5,2026-01-10,besttt and easy app safely and secure
R156,KYC/Statements/Withdrawals,5,2026-02-12,"I am getting difficult to register HUF demat, a there is PAN ard bears inception date of HUF for Birthdate and Karta Adhar doesn't match."
R157,App Performance,3,2025-12-05,Recently the app been glitchy Not able to log in my Groww account for last 48 hours
R158,Features Performance,5,2025-12-04,very good app for soloing all the investment.
R159,Features Performance,5,2025-12-18,its a amazing app for the mutual funds(sip and swp) i have a great experience with this app
R160,Customer Support,1,2026-03-07,"poor customer service. despite customer service excepting glitch in their tool which impacted me to revise my orders and made loss, Customer service is not ready to compensate and gives a stupid response."
R161,Features Performance,5,2025-11-28,have never bought a stock now I have . And I realise that I know nothing.
R162,Features Performance,5,2026-01-29,easy for freshers who can learn thinks in easy way
R163,Features Performance,5,2026-01-26,today I start trading in groww.joy shree ram 26/1/2026
R164,Features Performance,5,2026-01-14,very good and excellent service from this GROWW other than any trade companies
R165,Features Performance,4,2026-01-24,scalping mode ko update kijiye usme pe and ce me alag strike price ek bar kar ke dekh sake jese DHAN me hai please update
R166,App Performance,1,2026-03-05,worse for scalper trade.while buying always stick at 5-10 percent above market price.
R167,Features Performance,5,2026-01-06,best app for new learner treders my experience is good
R168,Trading Charges/Pricing,1,2026-03-05,"Fraud App, Don't download They charges line creation charges every month from account as 599 rs + 18% GST, total 706 every month, complaint many times but no response from groww. Ticket No. 25114524"
R169,Customer Support,5,2026-03-07,Very easy and good app..Easy interface.. Good customer care service.. Invest & Groww
R170,Trading Charges/Pricing,4,2026-01-07,groww is best for new user. Charges of fno must be less
R171,Trading Charges/Pricing,1,2026-03-11,frud app hai charges pahle karleta hai aur profit jitna hai utna nhi bhejta mat dounload karo
R172,Features Performance,4,2026-02-14,Your interface is great but you should also introduce supertreand arrow in future and options like other brokers rather than just line..kindly work on that
R173,App Performance,4,2026-01-08,I feel this app is safe. Yes! there are some delays in the process. But works at the end of the day.
R174,Features Performance,5,2026-01-11,Nice and easy process to invest your savings
R175,Customer Support,1,2026-02-04,They have pathetic customer care service. I will not recommended.
R176,Features Performance,5,2026-01-10,"Opening a Demat account on Groww was smooth and hassle-free. Everything is clearly explained, making investing easy from day one."
R177,App Performance,1,2026-02-03,Worst app it deducted money from wallet randomly 100-200 rupees
R178,Customer Support,1,2026-01-28,when you call to groww customer service every time they are asking waiting time is 5 min then after 15 min they asking wait for more than 5 min bitter experience.
R179,Features Performance,5,2026-01-07,slbm start in this apps... as soon as possible... we are wait for SLBM process
R180,Features Performance,5,2026-02-12,interface and all features are great required some features daily weekly monthly sip swp facility and required more tradingview screeners
R181,Features Performance,5,2026-02-17,A very good app.. easy to use and invest.
R182,Features Performance,5,2026-01-10,very nice app for investment and trading
R183,Features Performance,1,2025-12-10,"Evil Groww does not allow Cancel/Modify of Limit trading orders, at times, caused me big losses. chor. pls boycott groww."
R184,Features Performance,5,2025-12-25,new learner but this grate platform the app
R185,App Performance,1,2026-01-22,worst app please don't use this app
R186,Features Performance,5,2026-01-17,this app is very best for trading i give 5 stars
R187,Features Performance,4,2026-02-09,I always wanted to invest in mutual funds and Groww is the best app for it .
R188,Features Performance,5,2026-01-15,very easy interface 1 tap bye and seel Best indicators and timely update
R189,Features Performance,5,2026-03-12,Easily and Executed the stocks by Searching. Useful for New traders like me.
R190,Features Performance,5,2026-01-30,best sarvice hi sab simple hi koi jyda technical nahi
R191,Trading Charges/Pricing,1,2025-12-05,"very worst app, customer support is very worst have to wait for 30 minutes and they are behave like a non professional. pls don't use it. We can't able put stop loss for mtf order but they are charged flat 0.1% for mtf orders while other brokers are charged only 20₹ per order simply looting the money. People should go with other broker like Angle one, zerodha."
R192,Customer Support,1,2026-01-22,very poor coustomer support service you have to wait 1 hr
R193,Customer Support,5,2026-01-14,only reason is their support... and if it maintain then it is the best broking app as where there is money there need of trust
R194,App Performance,1,2025-12-07,"Have been using this app for some time now. Good for mutual funds, delivery and all. But when I started intraday trading, i encountered its high slippage. For example, I book a trade at a profit of around 12000 using their exit button, the executed amount would be 10000. There have been times when booked a profit of more than 2000 still the executed profit was not only less but in loss -749. This is higly disappointing. Now I'm looking for a new broker app."
R195,Features Performance,5,2026-01-08,Very best UI and enjoying the app so much and its features. One tap trading is the best thing which I liked so much.
R196,Features Performance,5,2026-02-26,good for everything I like this app for its simplicity and efficient use for trading stocks and most importantly mutual funds thank you for this great app
R197,Features Performance,1,2026-02-18,Your mutual fund SIP investments are a scam. We don't get any single return on investment. It keeps on decreasing in value.
R198,App Performance,4,2025-12-28,"there is a bug in app , not high priority though , how to report or let u know?"
R199,Customer Support,1,2025-11-29,"app is nice, but the customer service is very terrible."
R200,Features Performance,3,2026-02-02,app is good if you have knowledge
R201,Features Performance,5,2026-01-19,this is very easy process for investment. I like it. thanks for Groww Team.
R202,App Performance,3,2026-02-24,the app has a glitch on multiple location I have faced and issue of an order not getting executed ultimately getting into our losses which the company does not pay back to us and The reason from the executive is given that the app is not updated this sounds very silly illogical irrelevant to the issue of order execution
R203,Features Performance,1,2026-02-25,intraday wala future Sahi Nahin Hai ismein why wala Sahi kijiye ismein Ek lot do lot wala system Jaise engine one Mein future hai aise hi feature Rahane chahie apps ke
R204,App Performance,5,2026-01-14,"this app is very easy to use and it is very useful and multi purpose app trading, mutual funds, stocks, as well as the great experience of upi"
R205,Trading Charges/Pricing,1,2026-02-03,worst experience ever. the charges are more than winning. also big scam on the redeem of amount. you redeem amount today. when the amount is lesser tomorrow then nav will automatically taking on that date. don't ever trade on grow never ever
R206,Trading Charges/Pricing,1,2025-12-03,it is worst app for brokerage high charge don't use
R207,Trading Charges/Pricing,1,2026-02-04,"04/02/2026: Charged high brokarege & external charges also CDSL DP charges & charged Brokers dp charges on each trade trasanction daily.. .. 23/01//2024: App is not working properly, unable login through app or through website, suddenly in between working session any time it is off, no contact number, customer care not working, unable to contact any way to groww these are very worst case & very bad services."
R208,Trading Charges/Pricing,5,2026-01-30,Less charges and amount immediately deposited after withdrawl
R209,Customer Support,1,2026-02-18,"If you are looking for any worst trading the. it's GROWW, you never grow because of their mis calculation and margin frauds also let your wealth become zero and you never GROWW. hopeless customer service and features and just another fraud in the market."
R210,App Performance,4,2025-12-10,your application letter is very small please I suggest to you letter is uppercase otherwise manual options & spectacle user is not a seen without glass thank you
R211,App Performance,5,2026-02-04,very very good app for investment and simple UI
R212,Features Performance,4,2025-12-19,please add SWP option in smartphone groww app
R213,Customer Support,3,2026-03-06,customer service calls have wait time for 5 + minutes. post that line just disconnects automatically. the mutual fund NAV refresh does not work for weeks now and no update on when and how will it be fixed
R214,Trading Charges/Pricing,5,2026-01-30,application is very good but the charges are very high
R215,KYC/Statements/Withdrawals,5,2026-02-27,The app is very easy to use and understand. KYC and account opening were completed smoothly. No issues so far.”
R216,App Performance,1,2026-01-22,"It just traps, Don't do this to him please"
R217,Features Performance,3,2026-01-18,not that good.. credit option is useless and interface is bad
R218,App Performance,5,2026-02-14,better in Avery competition very good app
R219,Features Performance,5,2026-01-07,sip investment for long term is best option for peoples ..please invest direct plan in grow app
R220,KYC/Statements/Withdrawals,1,2026-02-11,Kya mujhe har bar kyc& nommine add kaise karna hai?Up Stox ko KYC dena hai kya?
R221,Customer Support,1,2025-12-13,"Worst SERVICE, I lost trust in Groww. PLEASE GO FOR ZERODHA."
R222,Customer Support,1,2025-12-08,"Worst experience from the customer service team. I was unable to modify my F&O sell order and while I checked with the customer service team through chat support, they instructed me to uninstall and reinstall the GROWW app. they are unable to point out the issue. also, even after I reinstalled the app..the situation was same.. Also, no further executives are replying through chat support..they are online but jus not responding back.. Marvellous service from GROWW!! Don't recommend this app!!"
R223,App Performance,5,2026-01-02,awesome I love Groww thanks for Grow network
R224,Trading Charges/Pricing,1,2026-02-09,compare the price while equity purchase with in groww with kite there is a huge difference.
R225,App Performance,5,2026-01-12,"I learnt from this Application how to trade, easy to understand"
R226,Features Performance,4,2026-02-19,more to improve stop loss hit like stop profit also hit should be there
R227,Customer Support,1,2026-02-05,No proper support from the customer care number. Calls go unanswered and there is no timely assistance
R228,KYC/Statements/Withdrawals,1,2026-01-05,"50,000 rupees have disappeared from my GrowUp account, which isn't showing up. Please let me know. Reply as soon as possible."
R229,App Performance,5,2026-03-05,All in one Best simple easy with many features App
R230,KYC/Statements/Withdrawals,1,2026-02-17,doesn't let you change phone number easily greedy buffaloes. have to courier form and all.
R231,Trading Charges/Pricing,1,2026-03-10,if u are small trader or invester I recommend never go on this platform they give to kuch charge which accumulated your profits.
R232,App Performance,5,2026-02-09,this application is totally supporting and great guidance
R233,Features Performance,5,2026-02-10,Please provide option to share the stocks to friends There was option of note that has been removed limit the notes to less character save it on device Add option to turn off items from home screen like F&O UPI etc most traded etc Add option to see bulk deals of previous day not just notifications
R234,Trading Charges/Pricing,5,2026-01-15,This app is very helpful for users and You have to decrease charges to add new users...
R235,App Performance,2,2026-02-28,igg trujjuyhhkuijikyuyh hu nhi&gy yt ka he h uiyi is uth thhhh
R236,App Performance,4,2026-01-15,"charts are fine in day, but after 8:00 P.M. Charts gets frozen. I click for live candle chart, It shows chart of something else, I was looking for a chart of oil mini which was trading around 9, it was showing me chart of random stock trading at 40, apart from that chart can not be zoomed, it was shrank all candles were baerly visible as a line."
R237,Features Performance,1,2026-02-22,STP not available for SOA mutual funds
R238,Trading Charges/Pricing,1,2026-03-12,wrost app brokerage is so high than others
R239,App Performance,5,2025-12-14,excellent app & plateform easy to open account on line
R240,App Performance,5,2026-02-19,long term walo ke liye acha hai
R241,Trading Charges/Pricing,1,2025-12-23,very bad very bad app very high brokerage very high they show only 20rupee but exactly they charge very much
R242,App Performance,1,2025-12-29,"worst online trading apps, most of the time they square off before stipulated time."
R243,App Performance,5,2026-01-25,Bhut badhiya hai esme sip thik karna thik hai... safe hai.. Namaskar..
R244,App Performance,5,2026-01-16,mujhe groww app bahut hi aasan lagta hai groww app use karne me bahut acha lgta hai
R245,App Performance,5,2026-02-24,excellent investment app and easy to use.
R246,Features Performance,5,2026-02-20,account chenge ki bhi subhidha online groww duraa ki jaye
R247,App Performance,5,2026-02-12,Good platform to trade instant credit and debit of funds.
R248,App Performance,5,2026-03-05,i like consistent improvement in low market conditions
R249,App Performance,1,2026-03-04,"Whenever I open app I have to login again, I don't know why I get logged out again and again. Frustrating."
R250,App Performance,5,2026-01-09,grow is a very good demate account
R251,App Performance,3,2026-03-02,good for simple trading but you will stuk in adding money when you need most
R252,App Performance,2,2026-02-11,worst work stoploss doesn't work on this app also very glitches happened. switching to another broker.
R253,App Performance,5,2026-01-15,you can use this app for change your lofe in future
R254,Customer Support,1,2025-12-12,I have requested them to delete my account in from October 8 they told me it will be deleted within 24-48 hrs and today is November 12 ..when will it be done ? why so much delay ? and when I reach out to customer executive on chat they all ran and anybody is reassigned who don't reply me back ? worst platfor ..please this grow app is not trustable ..delete it !!
R255,App Performance,1,2025-12-05,is grow app is not working right now ??
R256,Customer Support,1,2025-12-11,customer support team is not available for helping us।
R257,App Performance,5,2026-01-21,"very very good experience in groww it's easy to do the sip ,lumpsum and buying stocks and selling stocks gives a good profit"
R258,App Performance,5,2026-01-04,user friendly & simple method..no complication..very good app..
R259,Features Performance,5,2026-01-06,it would be better to see position on the chart. I request grow to add this update in the grow application
R260,Features Performance,4,2026-01-15,please add stoploss and target order placing option on chart in which we can see our running profit or loss on chart
R261,App Performance,5,2026-02-10,stock Sale tipin otp is not fast process but all service is good
R262,Features Performance,2,2025-12-14,Please Add SLB (Securities Lending & Borrowing) Feature in Groww. Request hai Groww team se ki SLB feature ko roadmap me include kare aur users ko lending & borrowing ka option de. Ye feature Groww ko next level par le ja sakta hai.
R263,App Performance,5,2026-02-03,good app for me it is very easy to use it.
R264,Customer Support,5,2026-03-03,very smooth and quick response costumer survice
R265,Features Performance,2,2026-03-10,"I have been trying to update my external mutual fund holdings for the last one week, but every time it shows that the “Updation of external holdings is paused.” Could you please confirm how long this will continue and when the service is expected to resume?"
R266,App Performance,4,2026-01-22,I will started intraday before few days Tataslv etf was a bullish and I will also execute a trade in bullish but I was last a my money 400 rupees it was scamm
R267,App Performance,5,2026-01-15,Many types of Data providing is very fine.
R268,App Performance,5,2026-02-12,very nice and easy to use app....
R269,App Performance,5,2026-02-19,"Superb app, easy to handle. very easy to approach. it makes each and every one to invest easy."
R270,App Performance,1,2026-01-29,scam ho rha he mutual fund me
R271,KYC/Statements/Withdrawals,1,2026-03-09,worst app money stuck from last two weeks but issue not solved still wating
R272,KYC/Statements/Withdrawals,4,2026-01-02,"apart from the process of not being able to directly transfer my demat account online, everything else on Groww is amazing."
R273,App Performance,4,2026-01-27,"GROWW is good for people like us, who used to participate in small qty of intraday stocks. If Groww gives idea of particular genuine stocks movement, will be helpful for us."
R274,Features Performance,1,2026-03-08,where is the redeem option very bad
R275,App Performance,5,2026-02-09,Groww is perfect app for Investing in Mutual Funds. It is very easy to use!!
R276,App Performance,5,2026-01-15,my experience is good with the app
R277,App Performance,5,2026-01-07,App is so good & easy to use.
R278,App Performance,5,2026-01-07,Till now it is a very good app in my knowledge. but in future I don't know...
R279,App Performance,1,2025-12-05,my grow app is not working it shows something went wrong. I am in trade. who is responsible for the losses.
R280,App Performance,1,2025-12-05,there are so many issues can't place order worst app sometimes not even shows index app
R281,App Performance,5,2026-01-17,Good app and easy to manage all.
R282,App Performance,5,2026-03-06,bas thoda pahle se bettar ho gya app har marcket ke har filed me
R283,App Performance,4,2026-02-16,I will use groww app from+ 3 years but no any problem on this apps I will absolutely thanks full.
R284,App Performance,5,2025-12-01,best app ever used and recommend to everyone in this world
R285,Features Performance,5,2026-01-08,"Excellent, if GIFT NIFTY 50 chart can be used as Nifty 50 with all indicators, indeedly it would be a greatful work for traders."
R286,App Performance,1,2026-01-06,"For Intraday use the Groww charting platform is really pathetic they do not have basic features like to multi screen, no layout, among others, elsewhere there are other brokers who give immense features at the hand for Intraday. also the charts dont work smoothly with ease, and the loading time of the charts is very slow, which causes late execution in the market, also the charts keep lagging and flickering during live markets, please fix this issue."
R287,KYC/Statements/Withdrawals,1,2026-02-20,my opinion the app is fraud @ we not withdraw our money in time @
R288,App Performance,4,2025-12-25,it's total easy and effortless app to invest for freshers also. I suggest to give more clarification for invest in different MF and gold MF.
R289,App Performance,4,2026-02-09,"nowa days too laging, views are not refreshed properly manual reload only working pls look in to it"
R290,App Performance,5,2026-02-19,kuch paane ke liye kuch khona padta h groww
R291,App Performance,5,2026-01-11,best app for all trading and mutual fund
R292,App Performance,1,2026-02-26,"I really don't know, why ur app show update on the time of trading. really disgusting. automatically it becomes slow. sometimes trade index chart freeze. i bought new phone and always update the apps. but the only ur app always create problem."
R293,App Performance,5,2026-01-19,great experience till now.. easy to learn & invest...
R294,App Performance,5,2026-02-09,good app good interface. the app should be a little fast with fixed bugs.
R295,App Performance,5,2026-01-18,I want to become a millionaire it's not a joke
R296,App Performance,4,2025-12-31,whoever writes the release notes is very irritating....kindly tone down the dramatics...better to be context specific on what changes made in a new release.
R297,Features Performance,4,2026-01-07,"Why ALL GROWW videos only in Hindi? Do they cater only some parts of North India? I did not come across videos in English. I really appreciate if you make educational videos in English on stocks markets, MFs etc."
R298,App Performance,5,2026-01-16,iam using groww since 2019 I love the way they kept the app so simple to use . keep it up lalit . harsh .ishan and neeraj
R299,App Performance,5,2026-03-07,Simple UI... Easy to trade... Good app for beginners and experienced professional
R300,App Performance,2,2025-12-05,"App got struck even I can't login, please fix this error"
R301,App Performance,5,2026-02-09,India's Number 1 Trading platform easy and simple to use
R302,App Performance,1,2026-02-04,"Faced serious execution issues on Groww during intraday trading. When the stock price jumped and was clearly in profit the moment I clicked Exit the executed price dropped sharply turning it into a huge loss. To verify, I re-entered the same stock and placed a target at a very high price. The price visibly touched that level within seconds yet the order executed below my buy price again resulting in a huge loss. This happened multiple times. Clear mismatch between price shown and price executed"
R303,App Performance,1,2026-03-11,very bad from last 2 to 3 month mal function the software. and groww team is not accepting the things
R304,Features Performance,3,2025-12-06,"In the watchlist it was showing how much the price has changed since the addition to the list, now it's not showing. how to get that back"
R305,Trading Charges/Pricing,1,2026-01-30,Brokrage Charges thora kam karo yrr 100 karu to 40rupes brokrage Charge Lag Jata Hein bc
R306,App Performance,1,2026-03-10,bhai ye aap orders execution me farji karta h
R307,Customer Support,1,2025-12-05,app suddenly stopped working today. no one is picking customer care calls. they basically don't give a damn about the customer's money.
R308,Trading Charges/Pricing,1,2026-02-11,Groww app is not is good broker it's like a fake Breakers and we like to do when we take a by a cell he is take more money an establess should be 100 then its will be cut then to 120
R309,KYC/Statements/Withdrawals,5,2026-01-09,"Everything looked good, money can be withdrawn easily, there is no problem in withdrawing it, it gets credited to the account quickly and it is very easy to see and learn it."
R310,App Performance,5,2026-02-10,Good future in a grow i like this aap
R311,Features Performance,2,2025-12-03,xirr for individual stock is not available which you hold. which is available in zerodha
R312,App Performance,5,2026-02-19,very easy to use nd very precise nd perfectly work ... enriching experience..must download this app nd invest in sip...
R313,KYC/Statements/Withdrawals,1,2026-02-27,if you r using groww for only mf don't upgrade to dmat. otherwise u will redeem your money only thg Grow. that fund's app redeem money more faster than grow. grow takes 2 day more time
R314,App Performance,5,2026-01-05,Groww bahut hi accha trading app hai
R315,Customer Support,1,2026-02-04,customer support service is a very bad time increase in every minute
R316,App Performance,5,2026-01-30,I feel like to be at home.
R317,Features Performance,5,2026-03-08,"Please provide more data and ratios for fundamental analysis, such as PEG ratio. And please provide analyst ratings as well."
R318,App Performance,5,2026-02-01,this is great app for save money
R319,Features Performance,5,2026-03-02,amazing... but maybe if they introduce crypto and other class assets it will more good ..but all over its amazing
R320,App Performance,5,2026-03-11,This is a good app for trading.
R321,App Performance,5,2026-01-20,Grow app is really helpful for self improvement. It motivates me to stay consistent and improve every day. Good design and easy navigation.
R322,App Performance,3,2026-03-06,New phones me groww app ko unsafe bata raha hai. Groww ka clone app create karne nai deta one plus 15 me. Remain sare brokers ka clone app karne deta hai.
R323,App Performance,5,2026-01-16,grow is a great app it's happy to being a user of grow platform
R324,Customer Support,1,2026-03-12,"Very poor, if you search for call or put option it will not show you near by expiry it will show you dec expiry, march last expiry, very poor support team, they will disconnect the call if you raise your issue."
R325,App Performance,1,2026-01-29,don't use groww for option trading very technical issu
R326,App Performance,5,2026-01-31,Best app for all my investment needs.
R327,App Performance,5,2026-03-06,it is a good platform to learn investment
R328,Customer Support,1,2025-12-03,There was an issue with the SIP mutual fund & I tried to contact them all the way. And my calls are simply cancelled & when I tried to send a message through groww still no response. Now in case of an emergency I don't know what I should do or whom I need to contact for support. I hope this issue gets rectified soon.
R329,Features Performance,5,2026-01-03,Best platform for the stock market but options trading is not good
R330,App Performance,1,2026-01-19,"Aaj sabka Paisa kha jayega..,.. expiry to kaal hai isliye kahta hoon paisa khane ka tarika hai....kon kahta hai share Market game nahi hai .....sab blind game hai.....toltly game itna upar niche kar dega ki ...sabka Paisa kha jayega"
R331,App Performance,1,2025-12-05,"This is a good app but crashes frequently. Many times in option trading after taking a trade, position doesn't show for a long time and due to this we get losses and losses. Please resolve this issue."
R332,App Performance,5,2026-03-02,easy to use simple and best investment app
R333,App Performance,5,2026-03-05,awesome this platform Groww is the best apps
R334,App Performance,4,2026-02-20,grow is a very good beginner friendly application to start your investment journey.
R335,App Performance,5,2025-12-31,"App is very good , using it from last 4 years."
R336,App Performance,5,2026-01-28,l liked the app. The UI and interface feels smooth and snappy. One thing I noticed is that my total returns was negative but my 1 day return was showing a positive value on the first day of buying a stock which is somewhat confusing.
R337,App Performance,5,2026-01-10,it's best for treding and saving app
R338,Trading Charges/Pricing,3,2026-02-27,over all very good app but broking charges on option trading it's too high
R339,App Performance,5,2026-01-15,Great easy to follow and use the app
R340,App Performance,5,2026-02-03,grown app is easy and smoothly app
R341,Features Performance,5,2025-12-09,"best, but just one issue, SME IPOs close at 4:00PM instead of normal 4:30PM in other platforms."
R342,App Performance,5,2026-01-11,best in business.... best and simple UI i ever used
R343,Features Performance,4,2026-01-03,"Amazing UI/UX. Easily usable for everyone. But would appreciate it if the stock or mutual fund can be shared as a link, just like how we share flipkart products as links to others. It would let Groww grow even more."
R344,App Performance,1,2026-03-11,"very low my amount in last 1 year , mid cap investment"
R345,App Performance,5,2026-01-05,good for beginners and best for young people's
R346,Customer Support,5,2026-01-07,"Very Easy to Run this App and Security System is very safe, Customer care are very supportive."
R347,App Performance,4,2026-01-27,Its smooth and easy to use interface.
R348,Features Performance,3,2026-01-07,Easy to use for beginners in the stock market. Why did you remove the feature that showed the growth of stocks from that date on which anyone includes in their watchlist. Restore it. if possible.
R349,App Performance,5,2025-12-08,"Simple, easy to use. So many options like loan, Advanced MF Portfolio view, UPI.."
R350,App Performance,5,2026-01-15,It has the great opportunity for the investment really easy to handle and helpful for the beginners who wants to invest.
R351,Trading Charges/Pricing,3,2026-01-07,grown app main broker charge sabsay jayda hai pl broker charge kam kare
R352,App Performance,5,2026-01-09,It is a very easy to use friendly app
R353,Features Performance,5,2026-01-15,"just need to develop any fresh order in stopllos ,like if want to buy any option in uper rate I can't it in place sl"
R354,App Performance,5,2026-01-06,"groww app is very important in my life, I am earning money with the Groww app so I am very happy to find a good Grow app. Thank you grow App."
R355,Features Performance,1,2026-02-27,"you must address aout trailing target and stop loss which is visible on chart,show live p&l."
R356,App Performance,5,2026-02-19,A good application where I can understand every part of it while investing.
R357,App Performance,5,2026-02-25,good service all service publicly fight all friend good service enjoy the cell
R358,App Performance,5,2026-01-14,best demat account in india very easy investment
R359,Trading Charges/Pricing,1,2026-01-12,"worst app ever for investing as well as trading, there are a lot of charges extra included in this aap"
R360,App Performance,5,2026-03-05,This is a very good digital online platform for investment so far.
R361,Trading Charges/Pricing,5,2026-02-16,aa app thora thora karke bohot jada paisa kat leta gai
R362,Trading Charges/Pricing,1,2025-12-19,if the is negative star I will definitely rate -3 star.. dont ever download or invest it ... Hidden charges will eventually consume or drain ur balance ... NOTE.. Break even point is almost next to imposible u have to sell above 50% of ur purchase to Gain profit .. RIP grow
R363,App Performance,4,2026-02-04,It's good app to start with. Quite easy to use and fast work.
R364,Customer Support,1,2026-02-02,The most shitiest broking app you can use. They fraud me in an ETF. They didn't let me sell that & my whole profit waved off. There customer service even didn't help me. Protect your money use some other good brokers.
R365,Trading Charges/Pricing,1,2026-02-17,don't use this app if you are trader they have debit your little little amount you have no idea fraud company
R366,App Performance,5,2026-02-02,The app is excellent and very user-friendly
R367,App Performance,5,2026-01-30,use to easy and new update is good experience for user
R368,Customer Support,1,2026-02-03,zero star. customer care not at all responding
R369,App Performance,1,2026-02-17,unable to use the rectangular box feature to see chart. while touching d screeb it dies not open up tue chart. plwase fix this ui bug
R370,Features Performance,4,2026-01-16,I want to know study material for learning new investers
R371,App Performance,5,2026-01-13,"Groww is user friendly app, even for new investors.It gives market updates too. Thanks to Groww"
R372,KYC/Statements/Withdrawals,5,2026-03-05,paise lagana aur nikalna dono Super Easy
R373,App Performance,1,2026-01-01,worst app in stocks and mutual fund industry
R374,Trading Charges/Pricing,3,2026-01-13,good for Mutual fund but for equity brokerage charges are not that good compare to others. screener needs to be improved. good UI.
R375,Features Performance,5,2026-03-09,please add ( chart under target and Stop loss show price how many cute Stop loss and achieve Target)
R376,App Performance,1,2026-02-19,"kindly I request all don't use the groww app because it's a fraud app groww trading chart is different than other app and you can't be a profitable trader in this app because the app is not showing your position when you are profit but the app is showing your position when you big loss who give your money return , if you add money in this app I think you can't take profit so be careful trader its a fraud app"
R377,Customer Support,5,2026-01-29,I like it because groww support team is good.
R378,App Performance,5,2026-02-04,"It is a vary organized app for all my stocks, mutual funds and also ETFs. Highly recommend using this app for investments."
R379,Features Performance,1,2026-01-19,this is very long term of investment and very bad for treading
R380,Features Performance,1,2026-03-05,unable to view external fund under mutual fund category.
R381,App Performance,4,2025-12-30,make the simple look of platform and as fast as you can put a trade
R382,App Performance,5,2026-01-05,"I am bigganer , nice app for trading"
R383,Features Performance,5,2026-02-28,excellent platform but OI is missing and there should be crypto trading and forex trading on groww app
R384,App Performance,5,2025-12-26,"getting error, downloading F&O P&L"
R385,Trading Charges/Pricing,1,2026-02-19,APP BROKERAFE IS TOO HIGH AND MANY OTHER TAXES ARE DEDUCTED IN OPTION TRADING BUT IN EQITY LOT OF CHARGES ARE CHARGED BY THE NAME OF EXTRA CHARGES VERY BAD APP FOR TRADING AND INVESTING .THIS APP IS ONLY GOOD FOR MUTUAL FUNDS
R386,App Performance,5,2026-03-11,mutual fund holding not refreshing.... please do the needful
R387,Features Performance,2,2026-01-27,plz commodity activate wala option jabrdasti na dikhayeeee
R388,Features Performance,1,2026-02-28,"Dear Groww team I'm groww customer since 2020 , I'll many time mentioned please provide layout features in groww mobile app but after so many reminders and email , I didn't find these features so I'll decided that move on dhan mobile app . Thank you..."
R389,App Performance,1,2025-11-28,pathetic trading chart on app fyers is the best.... complete waste of money don't know how reliable they in handling money
R390,Trading Charges/Pricing,1,2026-02-02,please don't use this app fraud high charges and return
R391,App Performance,4,2026-01-16,"easy to use, best way to invest"
R392,App Performance,5,2026-02-09,Nice App For Mutual Funds And Stocks
R393,App Performance,1,2025-11-29,Share And Personal And Photos data not Secure in This application Very poor Application
R394,App Performance,1,2026-02-06,"pata nahi, is app ko kaise itna rating mil gaya, lekin is app ko use karne wala har koi trader uska sab kuch loota diya hoga, aur groww ka malik ko Amir bana raha hai, isme aisa koi ek feature batao, jis se ek trader ko faida hota hoga world's worst trading app"
R395,App Performance,5,2026-01-10,using since January-february 2020. Bahut si struggle wali yade judi hai... abhi to mere family members like Girlfriend jaisa hai@Groww.....
R396,App Performance,5,2026-02-19,very simple to understand I love it..
R397,KYC/Statements/Withdrawals,1,2026-01-30,"They claim that they immediately send the withdrawn money to the bank. But today is the third day and they still haven't sent my withdrawn money to the bank.When I reported this , they said to wait for 1 day. I didn't expect this from Groww. fully bad experience"
R398,App Performance,5,2026-03-03,money grew with the Groww app only
R399,App Performance,5,2026-01-15,Groww is good and useful for beginners. Individuals no need to go to any financial advisors for tips.
R400,App Performance,4,2026-03-01,97 easy to trade for the business and its best for all the learners of the youth to have knowledge of trade skills
